checkpoint_uuid,solving_run_id,solution_index,grid_map_id,algorithm_id,interval_size,step,path_len,dir_count,path,visited_dirs,exit_situation,one_way_list,round_counter,round_counter_overlong,total_solved,total_solved_overlong,total_back_steps,dummy_back_steps,locked_back_lose,created_at,checkpoint_no
b894c2d1-2135-47c8-a403-fd91ff239a38,639e5dee-1281-4608-89ac-34bd9cd13cdf,100000,2,2,100000,36,36,9,\x00030d101a0c020517211e14221f150b1d0f19070a1c0e2023111b180609130104160812,\x00022828c02004a1000410400024000220590440200012800088460180208000240002200108804000,1,\x000000100000000a00000001ffffffff000000000c00000001ffffffff000000000d00000001ffffffff000000001000000001ffffffff000000001300000001ffffffff000000001400000001ffffffff000000001500000001ffffffff0000000018000000020000000501000000190000000100000008000000001b0000000100000008000000001c0000000100000008000000001d0000000100000008000000001f000000010000000800000000200000000100000008000000002100000001000000080000000022000000010000000800,14833989,0,100000,0,7416977,1414521,t,2026-09-16 13:31:15.144981+00,1
7ae50428-915a-46c1-a797-b4814d5c47cd,639e5dee-1281-4608-89ac-34bd9cd13cdf,200000,2,2,100000,36,36,9,\x0012080b1d1a0c02140a07191c0e04010f05170906181b0d10221f15031123201613211e,\x000a080a400002084207545120100004230a0200114001814000500108400004440001088020088000,1,\x0000000f0000000900000001ffffffff010000000c00000001000000080000000011000000010000000800000000140000000100000008000000001500000001000000080000000018000000010000000800000000190000000100000008000000001a0000000100000008000000001c0000000100000008000000001d0000000100000008000000001e0000000100000008000000001f000000010000000800000000200000000100000008000000002100000001000000080000000022000000010000000800,32951319,0,200000,0,16475642,3145035,t,2026-09-16 13:31:22.88013+00,2
cc040449-9865-4103-a7c8-d393bf5327b7,639e5dee-1281-4608-89ac-34bd9cd13cdf,300000,2,2,100000,36,36,9,\x000e1123201215030d1f22101a1d0b0816040113091b1806141e211705020c0f191c0a07,\x000e2c2200014420200808040082200010080280402020880004200212040004040282000802008100,1,\x0000000e0000000700000001ffffffff000000000900000001ffffffff000000000e00000001ffffffff000000000f00000001ffffffff000000001100000001ffffffff000000001500000001ffffffff000000001600000001ffffffff000000001700000001ffffffff000000001b00000001ffffffff000000001d00000001ffffffff000000001e00000001ffffffff000000001f00000001ffffffff000000002100000002000000060100000022000000010000000800,52899851,0,300000,0,26449908,5058103,t,2026-09-16 13:31:34.892737+00,3
b2ff8575-7a36-4b1e-a889-179812364dfc,639e5dee-1281-4608-89ac-34bd9cd13cdf,400000,2,2,100000,36,36,9,\x06181b11232012150b1d0f211e140a07191c0e00030d1f22101a0816040113091705020c,\x000804004700028860e808c0600501d820080402800011000181004010801100040201400280404000,1,\x0000000f0000000f00000001ffffffff000000001000000001ffffffff000000001100000001ffffffff000000001300000001ffffffff000000001400000001ffffffff000000001600000001ffffffff000000001700000001ffffffff000000001a0000000200000008010000001c0000000100000008000000001d0000000100000008000000001e0000000100000008000000001f000000010000000800000000200000000100000008000000002100000001000000080000000022000000010000000800,67999716,0,400000,0,33999840,6497564,t,2026-09-16 13:31:45.963352+00,4
c7adf505-6107-48be-ad97-5aca500eead9,639e5dee-1281-4608-89ac-34bd9cd13cdf,500000,2,2,100000,36,36,9,\x06091705021422101a0c1e211301040e181b11232016080b1d0f191c0a07151200030d1f,\x000a080002c180002808421008000248000608028022000110880004402008000482000c4002202000,1,\x0000000c0000000a00000001ffffffff000000001000000001ffffffff000000001500000001ffffffff000000001800000001ffffffff000000001900000001ffffffff000000001b00000001ffffffff000000001c00000001ffffffff000000001d00000001ffffffff000000001f000000020000000801000000200000000100000008000000002100000001000000080000000022000000010000000800,85142270,0,500000,0,42571117,8092968,t,2026-09-16 13:31:59.096855+00,5
c5b9ee7d-2863-4956-abae-f7a70a4e7433,639e5dee-1281-4608-89ac-34bd9cd13cdf,1100000,2,2,100000,36,36,9,\x1806140a1c0e00030d1f2210020517091b11232012081a0c1e21131604010f1d0b150719,\x00800c5044000688000a0c04000222000110040011800022d081100402800800048200014010802000,1,\x0000000b0000000a00000001ffffffff000000001000000001ffffffff000000001100000001ffffffff000000001800000001ffffffff000000001b00000001ffffffff000000001c00000001ffffffff000000001d00000001ffffffff000000001f000000020000000301000000200000000100000008000000002100000001000000080000000022000000010000000800,202877859,0,1100000,0,101438910,19262532,t,2026-09-16 13:33:07.728651+00,11
6cd8e657-053b-4bd5-9091-57451893b299,639e5dee-1281-4608-89ac-34bd9cd13cdf,1200000,2,2,100000,36,36,9,\x181b11030012081a1d0b15232016040e1c19070a14060917050f0113211e0c02100d1f22,\x0082802381c180a0030180201000011810040220000980004400014030802020000210400228100800,1,\x0000000e0000000900000001ffffffff000000000b00000001ffffffff000000000f00000001ffffffff000000001200000001ffffffff000000001300000001ffffffff000000001500000001ffffffff000000001a00000001ffffffff000000001b00000001ffffffff000000001c00000001ffffffff000000001d00000001ffffffff000000001e00000001ffffffff000000001f00000001ffffffff000000002100000002000000080100000022000000010000000800,220595685,0,1200000,0,110297823,20920734,t,2026-09-16 13:33:14.983106+00,12
8990d95e-a478-4edf-916f-f76d99d4799d,639e5dee-1281-4608-89ac-34bd9cd13cdf,1300000,2,2,100000,36,36,9,\x1e211705020c1a100d0300122023111b091301040e180614221f15070a1c190f1d0b0816,\x000280020201c18040140c4120202800100450100409c0000110010220000211800004400280401000,0,\x0000000c0000001400000001ffffffff000000001500000001ffffffff000000001600000001ffffffff000000001800000001ffffffff000000001900000001ffffffff000000001c00000001ffffffff000000001d00000001ffffffff000000001e00000001ffffffff000000001f00000001ffffffff000000002000000001ffffffff000000002100000001ffffffff000000002200000001ffffffff00,239710108,0,1300000,0,119855034,22722951,t,2026-09-16 13:33:23.056063+00,13
0aebdd60-699f-4f33-bbe6-1ab15f9c27d4,639e5dee-1281-4608-89ac-34bd9cd13cdf,1400000,2,2,100000,36,36,9,\x1e0c1a080b1d0f21130104162023111b0917050210221f0d031512000e1806140a07191c,\x0082080812800008022080042080200010045004008120800004208008400022000110018028100800,1,\x0000000c0000000500000001ffffffff000000000900000001ffffffff000000000b00000001ffffffff000000001200000001ffffffff000000001700000001ffffffff000000001a00000001ffffffff000000001b00000001ffffffff000000001d00000001ffffffff000000001e00000001ffffffff000000001f00000001ffffffff000000002100000002000000080100000022000000010000000800,256278380,0,1400000,0,128139170,24309660,t,2026-09-16 13:33:29.973701+00,14
6caeb246-4cbb-4be9-9310-2d83dd2f0b70,639e5dee-1281-4608-89ac-34bd9cd13cdf,1500000,2,2,100000,36,36,9,\x1e1406181b091705020c0f191c0a07152311030d1f22101a1d0b08162012000e04011321,\x00828920100088002410100c7010000804010280804040200010040180405080000410018020101000,1,\x0000000e0000000b00000001ffffffff010000000d0000000100000008000000000e00000001000000080000000014000000010000000800000000150000000100000008000000001600000001000000080000000018000000010000000800000000190000000100000008000000001d0000000100000008000000001e0000000100000008000000001f000000010000000800000000200000000100000008000000002100000001000000080000000022000000010000000800,276825432,0,1500000,0,138412696,26297728,t,2026-09-16 13:33:38.543422+00,15
2acfb1a2-a5ed-45d1-9808-5c5d9ff12934,639e5dee-1281-4608-89ac-34bd9cd13cdf,1600000,2,2,100000,36,36,9,\x0104162023110e1c0a07190f0c1a1d0b08120003151f22141e21130906181b0d10020517,\x000210c010000806015020100064c94000201010000940004100300802800024814000100140042000,1,\x0000000e0000000a00000001ffffffff000000000e00000001ffffffff000000001000000001ffffffff000000001200000001ffffffff000000001400000001ffffffff000000001800000001ffffffff000000001a00000001ffffffff000000001c0000000200000008010000001d0000000100000008000000001e0000000100000008000000001f000000010000000800000000200000000100000008000000002100000001000000080000000022000000010000000800,292684175,0,1600000,0,146342067,27819645,t,2026-09-16 13:33:45.261377+00,16
f5002a65-2eb4-43bf-9e21-d9fce3ac870f,639e5dee-1281-4608-89ac-34bd9cd13cdf,1700000,2,2,100000,36,36,9,\x01040e00120816202315070a1c190f0517140210221f0d03111b18060913211e0c1a1d0b,\x000230505140d0000401c0a00a40000220410470a85140000210400210400012008100084004040002,1,\x000000110000000700000001ffffffff000000000a00000001ffffffff010000000c0000000100000008000000000d000000010000000800000000140000000100000008000000001500000001000000080000000017000000010000000800000000180000000100000008000000001a0000000100000008000000001b0000000100000008000000001c0000000100000008000000001d0000000100000008000000001e0000000100000008000000001f000000010000000800000000200000000100000008000000002100000001000000080000000022000000010000000800,308619443,0,1700000,0,154309701,29285785,t,2026-09-16 13:33:54.712476+00,17
d1d4292f-3657-4a8d-8761-413b4611ed84,639e5dee-1281-4608-89ac-34bd9cd13cdf,1800000,2,2,100000,36,36,9,\x010f191c0a07151f0d1b180e0416202311030012080b1d1a10221406091705020c1e2113,\x000e28080004820005410641000688008200404040200028000108a008800011400110080808040001,1,\x000000110000000500000001ffffffff000000000c00000001ffffffff000000000f00000001ffffffff000000001000000001ffffffff000000001100000001ffffffff000000001200000001ffffffff000000001300000001ffffffff000000001500000001ffffffff000000001600000001ffffffff000000001900000001ffffffff000000001b00000001ffffffff000000001d00000001ffffffff010000001e0000000100000008000000001f000000010000000800000000200000000100000008000000002100000001000000080000000022000000010000000800,328476771,0,1800000,0,164238365,31162466,t,2026-09-16 13:34:02.871815+00,18
19fe534a-e15c-4d2c-b4ec-56d9979754b8,639e5dee-1281-4608-89ac-34bd9cd13cdf,1900000,2,2,100000,36,36,9,\x070a1c190f05021417211e0c1a1d0b151f22100d03001208160401130906180e2023111b,\x00021080004814050701104000222000100c0a020081000802014002b0402000080281400402004100,1,\x0000000e0000000300000001ffffffff000000000a00000001ffffffff000000000b00000001ffffffff000000000d00000001ffffffff000000001100000001ffffffff000000001200000001ffffffff000000001700000001ffffffff000000001a00000001ffffffff000000001b00000001ffffffff000000001d00000001ffffffff000000001f00000001ffffffff01000000200000000100000008000000002100000001000000080000000022000000010000000800,340670072,0,1900000,0,170335015,32252273,t,2026-09-16 13:34:07.997305+00,19
6fee66ab-8f97-430c-a570-3f501580b4a0,639e5dee-1281-4608-89ac-34bd9cd13cdf,2000000,2,2,100000,36,36,9,\x07191c0a14221f151200031123200e04011316080b1d1a100d1b18060917211e0c02050f,\x000a040082400004609280045040000210441408040011800004401004400012400002084002054000,1,\x0000000b0000000300000001ffffffff000000000c00000001ffffffff000000001200000001ffffffff000000001400000001ffffffff000000001800000001ffffffff000000001a00000001ffffffff000000001b00000001ffffffff000000001c00000001ffffffff000000001f00000001ffffffff000000002100000002000000080100000022000000010000000800,353491730,0,2000000,0,176745844,33387847,t,2026-09-16 13:34:13.205658+00,20
658d039c-57c4-4560-9213-e3e7da4ed8a4,639e5dee-1281-4608-89ac-34bd9cd13cdf,2100000,2,2,100000,36,36,9,\x07191c0a140205170906181b11231512200e00030d1f22101a0c1e2113010f1d0b081604,\x000a040082604d000228201008008a000c6c028080088080400020084210080022c800014020080002,1,\x0000000d0000000300000001ffffffff000000000900000001ffffffff000000001200000001ffffffff000000001300000001ffffffff000000001500000001ffffffff000000001600000001ffffffff000000001700000001ffffffff000000001a00000001ffffffff000000001e0000000200000008010000001f000000010000000800000000200000000100000008000000002100000001000000080000000022000000010000000800,361876500,0,2100000,0,180938229,34093095,t,2026-09-16 13:34:16.619234+00,21
ee5548c1-ff44-4c5a-b452-a8358fe705b1,639e5dee-1281-4608-89ac-34bd9cd13cdf,2200000,2,2,100000,36,36,9,\x0d1f22101a1d0b08120003111b091705020c1e21131604010f191c0a071523200e180614,\x0008040082200010080a800430c0008a04201010100800220012080210040083418000084010001100,1,\x000000090000001700000001ffffffff000000001800000001ffffffff000000001c0000000200000008010000001d0000000100000008000000001e0000000100000008000000001f000000010000000800000000200000000100000008000000002100000001000000080000000022000000010000000800,378456915,0,2200000,0,189228436,35569849,t,2026-09-16 13:34:23.453839+00,22
ead4081b-a683-44ff-a424-a5341845feb7,639e5dee-1281-4608-89ac-34bd9cd13cdf,2300000,2,2,100000,36,36,9,\x0d1b18060913010416081a10221f150b1d0f0c1e21170502140a07191c0e110300122023,\x000e400012400190000450140844000220400440702010001010080400412010004400121008080800,1,\x0000000e0000000d00000001ffffffff000000000f00000001ffffffff000000001000000001ffffffff000000001400000001ffffffff000000001600000001ffffffff000000001700000001ffffffff000000001800000001ffffffff000000001a00000001ffffffff000000001b00000001ffffffff000000001c00000001ffffffff000000001f000000020000000801000000200000000100000008000000002100000001000000080000000022000000010000000800,398044239,0,2300000,0,199022098,37490492,t,2026-09-16 13:34:31.537661+00,23
f727dcaf-f90f-427e-8ca1-27e5f0529b8b,639e5dee-1281-4608-89ac-34bd9cd13cdf,2400000,2,2,100000,36,36,9,\x13010416200e1806141e2117091b112315070a1c190f1d0b081200030d1f22101a0c0205,\x0080042080208c02200314040004820020022070042000019020201010000980804000200840000a00,1,\x0000000f0000000c00000001ffffffff000000000f00000001ffffffff000000001200000001ffffffff000000001300000001ffffffff000000001400000001ffffffff000000001600000001ffffffff0100000017000000010000000800000000190000000100000008000000001a0000000100000008000000001b0000000100000008000000001d0000000100000008000000001e000000010000000800000000200000000100000008000000002100000001000000080000000022000000010000000800,417219638,0,2400000,0,208609797,39274547,t,2026-09-16 13:34:39.384937+00,24
209e6235-9bef-4e64-8c25-f4b6cd4622f8,639e5dee-1281-4608-89ac-34bd9cd13cdf,2500000,2,2,100000,36,36,9,\x1321170906181b0d1f22101a1d0b0816202315120003110e1c19070a141e0c02050f0104,\x0086400201814000100402004110000804014802808100248000088220000980000110400110800800,0,\x0000000b0000001300000001ffffffff000000001500000001ffffffff000000001600000001ffffffff000000001800000001ffffffff000000001a00000001ffffffff000000001b00000001ffffffff000000001d00000001ffffffff000000001f00000001ffffffff000000002000000001ffffffff000000002100000001ffffffff000000002200000001ffffffff00,438100592,0,2500000,0,219050274,41299829,t,2026-09-16 13:34:48.132262+00,25
91573446-eec1-48cc-a181-2b39785eadb4,639e5dee-1281-4608-89ac-34bd9cd13cdf,2600000,2,2,100000,36,36,9,\x191c0a07151f22141e21131604010f05170906180e202311030012080b1d1a0c02100d1b,\x0002008120404100300802800a02048200490440402010884000202820100014800004108004401000,1,\x0000000e0000000300000001ffffffff000000000d00000001ffffffff000000001000000001ffffffff000000001200000001ffffffff000000001600000001ffffffff000000001800000001ffffffff01000000190000000100000008000000001a0000000100000008000000001c0000000100000008000000001d0000000100000008000000001f000000010000000800000000200000000100000008000000002100000001000000080000000022000000010000000800,452834499,0,2600000,0,226417227,42622031,t,2026-09-16 13:34:54.557275+00,26
7683e182-334f-48d6-bed8-829fda9d9e3c,639e5dee-1281-4608-89ac-34bd9cd13cdf,2700000,2,2,100000,36,36,9,\x191c0e04011321170906181b112315070a141e0c1a080b1d0f050210221f0d0300122016,\x000280410581c00068202010080088000c100110200032284800022000411040000210401008080004,1,\x000000100000000a00000001ffffffff000000000f00000001ffffffff000000001000000001ffffffff000000001200000001ffffffff00000000160000000200000001010000001700000001000000080000000018000000010000000800000000190000000100000008000000001a0000000100000008000000001c0000000100000008000000001d0000000100000008000000001e0000000100000008000000001f000000010000000800000000200000000100000008000000002100000001000000080000000022000000010000000800,464199475,0,2700000,0,232099715,43615827,t,2026-09-16 13:34:59.679942+00,27
58015bd2-e50a-4002-af1f-53409c401ecb,639e5dee-1281-4608-89ac-34bd9cd13cdf,2800000,2,2,100000,36,36,9,\x19070a1c0e04010f211e0c0205171406181b091316202311030d10221f150b1d1a081200,\x0082042000021504038620001114800004110402004110004100202030042000011024021080200002,1,\x0000000d0000000300000001ffffffff000000000c00000001ffffffff000000001000000001ffffffff000000001200000001ffffffff000000001300000001ffffffff000000001700000001ffffffff000000001900000001ffffffff010000001b0000000100000008000000001c0000000100000008000000001f000000010000000800000000200000000100000008000000002100000001000000080000000022000000010000000800,474311353,0,2800000,0,237155654,44483257,t,2026-09-16 13:35:04.12227+00,28
d27f9fe3-e373-4881-981c-1d3cf63c98cf,639e5dee-1281-4608-89ac-34bd9cd13cdf,2900000,2,2,100000,36,36,9,\x190f0113211e0c0205171422101a1d0b0812000311232016040e1c0a07151f0d1b180609,\x0082892820000210410108c010000541002010140009a0800004404010080002410002200220000900,1,\x0000000c0000000800000001ffffffff000000000e00000001ffffffff000000001700000001ffffffff000000001800000001ffffffff000000001a00000001ffffffff000000001b00000001ffffffff000000001c00000001ffffffff000000001d00000001ffffffff000000001e00000001ffffffff000000001f00000001ffffffff000000002100000002000000060100000022000000010000000800,488618121,0,2900000,0,244309038,45754064,t,2026-09-16 13:35:10.506333+00,29
f8e60f22-6e35-4fc7-9f8a-9b4e235bee60,639e5dee-1281-4608-89ac-34bd9cd13cdf,3000000,2,2,100000,36,36,9,\x1f22101a1d0b0812201604010f191c0a071523110e00030d1b0913211e0c020517140618,\x000200c1100008040543020181600041002010040800020144000402a02010000108a0000420802000,1,\x0000000c0000001000000001ffffffff000000001200000001ffffffff000000001500000001ffffffff000000001600000001ffffffff000000001700000001ffffffff000000001900000001ffffffff010000001a0000000100000008000000001d0000000100000008000000001f000000010000000800000000200000000100000008000000002100000001000000080000000022000000010000000800,502389064,0,3000000,0,251194509,47022145,t,2026-09-16 13:35:16.436468+00,30
f18cf522-80bb-4587-9e93-3e30c89d75a1,639e5dee-1281-4608-89ac-34bd9cd13cdf,3100000,2,2,100000,36,36,9,\x1f2214170502100d03111b18060913211e0c1a1d0b0812000e1c0a071523201604010f19,\x0002804905048200088224308000240002011080080800068202200204008120400004404020084000,1,\x0000000c0000000c00000001ffffffff000000000d00000001ffffffff000000001000000001ffffffff000000001700000001ffffffff000000001a00000001ffffffff000000001c0000000200000002010000001d0000000100000008000000001e0000000100000008000000001f000000010000000800000000200000000100000008000000002100000001000000080000000022000000010000000800,519125480,0,3100000,0,259562717,48570699,t,2026-09-16 13:35:25.167915+00,31
fbb5f929-96cc-4387-a43c-6adf907db3bc,639e5dee-1281-4608-89ac-34bd9cd13cdf,3200000,2,2,100000,36,36,9,\x1f150b1d1a08160401130906181b0d1022141705020c1e210f19070a1c0e202311030012,\x0082892200018802201008088240200088000440044002010181004010000940004481004040402000,1,\x0000000c0000001000000001ffffffff000000001400000001ffffffff000000001600000001ffffffff000000001700000001ffffffff000000001800000001ffffffff000000001a00000001ffffffff000000001b00000001ffffffff000000001c00000001ffffffff000000001f000000020000000501000000200000000100000008000000002100000001000000080000000022000000010000000800,539404904,0,3200000,0,269702429,50489976,t,2026-09-16 13:35:42.417566+00,32
ae45dc35-aa61-4261-b249-143261739973,639e5dee-1281-4608-89ac-34bd9cd13cdf,3300000,2,2,100000,36,36,9,\x0210221f0d1b18060913211e0c1a1d0f010416080b150311232012000e1c19070a141705,\x00061080004400042001140c810044400030200210001100811c010420800022400004200110040002,1,\x0000000b0000001000000002000000070100000014000000010000000800000000180000000100000008000000001a0000000100000008000000001b0000000100000008000000001c0000000100000008000000001e0000000100000008000000001f000000010000000800000000200000000100000008000000002100000001000000080000000022000000010000000800,560316765,0,3300000,0,280158359,52500167,t,2026-09-16 13:35:51.414844+00,33
8a7c1f82-b5a3-497b-bfd4-7818afb2cca3,639e5dee-1281-4608-89ac-34bd9cd13cdf,3400000,2,2,100000,36,36,9,\x080b1d1a0c1e21170913010f19071512000311232016040e1c0a1406181b0d1f22100205,\x000210800082400070601004198028c8000d4002082000011010040280200041200008020180800800,1,\x0000000d0000000c00000001ffffffff0100000013000000010000000800000000150000000100000008000000001600000001000000080000000018000000010000000800000000190000000100000008000000001b0000000100000008000000001c0000000100000008000000001d0000000100000008000000001f000000010000000800000000200000000100000008000000002100000001000000080000000022000000010000000800,581602896,0,3400000,0,290801424,54503502,t,2026-09-16 13:36:00.933802+00,34
92fc0504-1ba1-4536-b5a5-03e61992413b,639e5dee-1281-4608-89ac-34bd9cd13cdf,3500000,2,2,100000,36,36,9,\x08161301040e1c19070a14221f150b1d0f05020c1a100d0300122023111b18060917211e,\x0006600112008100084002201000011820023008515020001004401008080800040104200104208000,1,\x0000000f0000000400000001ffffffff000000000900000001ffffffff000000000e00000001ffffffff00000000140000000200000002010000001500000001000000080000000018000000010000000800000000190000000100000008000000001a0000000100000008000000001b0000000100000008000000001c0000000100000008000000001e0000000100000008000000001f000000010000000800000000200000000100000008000000002100000001000000080000000022000000010000000800,599051558,0,3500000,0,299525755,56165832,t,2026-09-16 13:36:12.837079+00,35
2351b061-6232-4837-b838-f87bc00e0cb6,639e5dee-1281-4608-89ac-34bd9cd13cdf,3600000,2,2,100000,36,36,9,\x0e181b1103001220231507191c0a1406091705020c1e21131604010f1d0b081a10221f0d,\x0014040144020201010140a028100008021001040081a0804000100180401020000804028008400002,1,\x0000000e0000000500000001ffffffff000000000800000001ffffffff000000000c00000001ffffffff000000000d00000001ffffffff000000000f00000001ffffffff000000001500000001ffffffff000000001900000001ffffffff000000001a00000001ffffffff000000001b00000001ffffffff000000001d00000001ffffffff000000001e00000001ffffffff000000001f00000001ffffffff000000002100000002000000040100000022000000010000000800,622674565,0,3600000,0,311337258,58406927,t,2026-09-16 13:36:30.529071+00,36
7f4b0d28-9e2a-4564-8afe-d211990f9c6c,639e5dee-1281-4608-89ac-34bd9cd13cdf,3700000,2,2,100000,36,36,9,\x141e0c0205170906180e0012202315070a1c190f2113010416080b1d1a10221f0d03111b,\x001404011480000a080402892820200018140108400044000490000440042000011001084004094000,1,\x0000000f0000000700000001ffffffff000000001000000001ffffffff000000001100000001ffffffff000000001200000001ffffffff000000001400000001ffffffff000000001600000001ffffffff000000001700000001ffffffff000000001800000001ffffffff000000001a00000001ffffffff000000001b00000001ffffffff000000001c00000001ffffffff000000001e00000001ffffffff000000001f00000001ffffffff000000002100000002000000080100000022000000010000000800,646697374,0,3700000,0,323348662,60720585,t,2026-09-16 13:36:48.061727+00,37
972466ca-6883-4d10-beb3-263ae385e62b,639e5dee-1281-4608-89ac-34bd9cd13cdf,3800000,2,2,100000,36,36,9,\x1a1d0b0816130906181b1123201200030d10221f1507191c0e04010f0c020517211e140a,\x0002008120008b30080402802200010490000c02108000084481002000411040815000020820000204,1,\x000000090000001300000001ffffffff000000001400000001ffffffff0000000018000000020000000601000000190000000100000008000000001a0000000100000008000000001e000000010000000800000000200000000100000008000000002100000001000000080000000022000000010000000800,666321525,0,3800000,0,333160737,62583309,t,2026-09-16 13:37:02.984192+00,38
e81e437c-f701-49b3-8f09-f0f2ee185894,639e5dee-1281-4608-89ac-34bd9cd13cdf,3900000,2,2,100000,36,36,9,\x1a080b1d0f0517211e0c02140a1c190715231103001220161301040e1806091b0d1f2210,\x00c20420000217010410800032208a000420020440010181800060108004408000480002200a040002,1,\x0000000d0000000300000001ffffffff000000000900000001ffffffff000000000e00000001ffffffff000000000f00000001ffffffff000000001500000001ffffffff000000001900000001ffffffff000000001a00000001ffffffff000000001b00000001ffffffff000000001d00000001ffffffff000000001e00000001ffffffff000000001f00000001ffffffff000000002100000002000000080100000022000000010000000800,685828083,0,3900000,0,342914016,64438181,t,2026-09-16 13:37:16.005353+00,39
d8d95691-ce58-4031-831e-f1e5667df010,639e5dee-1281-4608-89ac-34bd9cd13cdf,4000000,2,2,100000,36,36,9,\x20231103151f0d1b180609130104160812000e1c0a07190f050210221417211e0c1a1d0b,\x00020041c1014110011080045010240001100980081000050201408628082000220002084004040002,1,\x0000000d0000000e00000001ffffffff0000000010000000020000000801000000110000000100000008000000001200000001000000080000000015000000010000000800000000160000000100000008000000001b0000000100000008000000001d0000000100000008000000001e0000000100000008000000001f000000010000000800000000200000000100000008000000002100000001000000080000000022000000010000000800,706393590,0,4000000,0,353196769,66397207,t,2026-09-16 13:37:25.253394+00,40
3b276a4c-38cc-42d0-af0f-d3ec17342a28,639e5dee-1281-4608-89ac-34bd9cd13cdf,4100000,2,2,100000,36,36,9,\x2016040e1806091b0d1f22101a0c1e140205172113010f191c0a07152311030012080b1d,\x004201c1a000480002a008040082200c81404002104000028800050180401020000808080400052000,1,\x0000000f0000001000000001ffffffff000000001200000001ffffffff000000001400000001ffffffff000000001500000001ffffffff000000001700000001ffffffff0100000018000000010000000800000000190000000100000008000000001a0000000100000008000000001c0000000100000008000000001d0000000100000008000000001e0000000100000008000000001f000000010000000800000000200000000100000008000000002100000001000000080000000022000000010000000800,726813642,0,4100000,0,363406795,68339987,t,2026-09-16 13:37:33.562505+00,41
4dd7415e-58bf-4172-900c-2fc0738b73e9,639e5dee-1281-4608-89ac-34bd9cd13cdf,4200000,2,2,100000,36,36,9,\x03000e1c19070a14221f0d10020c1e21130906181b1123150b1d1a0812201604010f0517,\x002018180001480004022000090022018100a082492010001001189008400082400020201004002200,1,\x0000000e0000000600000001ffffffff000000000e00000001ffffffff00000000120000000200000008010000001300000001000000080000000014000000010000000800000000150000000100000008000000001a0000000100000008000000001c0000000100000008000000001d0000000100000008000000001e0000000100000008000000001f000000010000000800000000200000000100000008000000002100000001000000080000000022000000010000000800,748787855,0,4200000,0,374393901,70453466,t,2026-09-16 13:37:42.56048+00,42
fa84171f-83a6-4966-b6c9-639b06f5bd9c,639e5dee-1281-4608-89ac-34bd9cd13cdf,4300000,2,2,100000,36,36,9,\x031507190f211e0c020517140a1c0e18060913010416080b1d1a10221f0d1b1123201200,\x003ca82810c8140420820210800088008814400230001280008a000420002200018800400420800002,1,\x000000120000000900000001ffffffff000000000c00000001ffffffff000000000d00000001ffffffff000000000f00000001ffffffff010000001000000001000000080000000013000000010000000800000000140000000100000008000000001700000001000000080000000018000000010000000800000000190000000100000008000000001b0000000100000008000000001c0000000100000008000000001d0000000100000008000000001e0000000100000008000000001f000000010000000800000000200000000100000008000000002100000001000000080000000022000000010000000800,770877387,0,4300000,0,385438667,72535822,t,2026-09-16 13:37:51.586323+00,43
598f0e60-87d0-476b-8ec9-7fdbd33d443a,639e5dee-1281-4608-89ac-34bd9cd13cdf,4400000,2,2,100000,36,36,9,\x091705020c1e21131604010f191c0a07151f221406181b110e00030d101a1d0b08122023,\x00240081a08040001041804010a0200010080214040001824000501448044010004100201010080800,1,\x0000000d0000000a00000001ffffffff000000000f00000001ffffffff000000001300000001ffffffff000000001400000001ffffffff000000001800000001ffffffff010000001a0000000100000008000000001b0000000100000008000000001c0000000100000008000000001e0000000100000008000000001f000000010000000800000000200000000100000008000000002100000001000000080000000022000000010000000800,787755570,0,4400000,0,393877758,74161198,t,2026-09-16 13:37:59.159111+00,44
8a44c81c-9b95-40ad-8a04-dc10226f6272,639e5dee-1281-4608-89ac-34bd9cd13cdf,4500000,2,2,100000,36,36,9,\x0f191c0a07152311030d1f22100205171406091b180e0012080b1d1a0c1e211301041620,\x0014040002418000282030100800044500021850042000011008028202108000824000104002104000,1,\x000000100000000400000001ffffffff000000000a00000001ffffffff000000000e00000001ffffffff000000001300000001ffffffff000000001400000001ffffffff000000001600000001ffffffff000000001800000001ffffffff01000000190000000100000008000000001a0000000100000008000000001b0000000100000008000000001c0000000100000008000000001d0000000100000008000000001e000000010000000800000000200000000100000008000000002100000001000000080000000022000000010000000800,812493563,0,4500000,0,406246754,76517609,t,2026-09-16 13:38:09.932114+00,45
3ab3dc9e-ace9-4574-a5b6-1bcecf8b7786,639e5dee-1281-4608-89ac-34bd9cd13cdf,4600000,2,2,100000,36,36,9,\x15231103000e1c19070a1406181b0d1f22101a08122016040113091705020c1e210f1d0b,\x0004400101c18000084002205041200008020180a00893400020201008001280040202020180080002,1,\x0000000e0000000800000001ffffffff000000000900000001ffffffff000000000c00000001ffffffff000000000f00000001ffffffff000000001000000001ffffffff000000001400000002000000080100000015000000010000000800000000170000000100000008000000001a0000000100000008000000001d0000000100000008000000001f000000010000000800000000200000000100000008000000002100000001000000080000000022000000010000000800,834953234,0,4600000,0,417476589,78655750,t,2026-09-16 13:38:24.069154+00,46
ca342b39-18b1-4c7d-bd84-b4892243c2a1,639e5dee-1281-4608-89ac-34bd9cd13cdf,4700000,2,2,100000,36,36,9,\x1b1806091705020c0f1d1a10221f0d03110e0012080b1507191c0a141e21130104162023,\x0020000920000804070704400044000210400228802020280002110402004180200008200108200800,0,\x0000000e0000000e00000001ffffffff000000001200000001ffffffff000000001500000001ffffffff000000001700000001ffffffff000000001800000001ffffffff000000001900000001ffffffff000000001a00000001ffffffff000000001b00000001ffffffff000000001c00000001ffffffff000000001d00000001ffffffff000000001f00000001ffffffff000000002000000001ffffffff000000002100000001ffffffff000000002200000001ffffffff00,856593019,0,4700000,0,428296481,80708712,t,2026-09-16 13:38:34.645015+00,47
f4c258d8-652e-47aa-8be4-42e59aa02366,639e5dee-1281-4608-89ac-34bd9cd13cdf,4800000,2,2,100000,36,36,9,\x1b0d10020c1e2113010416201200031123151f22140a07191c0e18060917050f1d1a080b,\x0060146091c04000104002104010024800010440200800221404020140200012400010040220000900,1,\x0000000e0000001000000001ffffffff000000001200000001ffffffff000000001300000001ffffffff000000001600000001ffffffff000000001800000001ffffffff000000001900000001ffffffff000000001a00000001ffffffff000000001b00000001ffffffff000000001c00000001ffffffff000000001d00000001ffffffff000000001e00000001ffffffff000000001f00000001ffffffff000000002100000002000000060100000022000000010000000800,874270819,0,4800000,0,437135381,82395832,t,2026-09-16 13:38:41.940398+00,48
0db501ee-a58d-4d00-a4bf-d5f610dfdd1c,639e5dee-1281-4608-89ac-34bd9cd13cdf,4900000,2,2,100000,36,36,9,\x211e0c0205170913010f1d0b081a100d1b180614221f1523110300122016040e1c19070a,\x002000111480000c0440060880028100200a0220001120000220014040402020001010040220000900,1,\x0000000b0000000d00000001ffffffff000000001200000001ffffffff000000001400000001ffffffff000000001500000001ffffffff000000001900000001ffffffff000000001b00000001ffffffff000000001d00000001ffffffff000000001e00000001ffffffff000000001f00000001ffffffff000000002100000002000000060100000022000000010000000800,895905910,0,4900000,0,447952926,84453445,t,2026-09-16 13:38:50.765903+00,49
0813ca68-7004-4153-9693-e8dbd2d10ab2,639e5dee-1281-4608-89ac-34bd9cd13cdf,5000000,2,2,100000,36,36,9,\x21170502101a08120003150b1d0f0c1e14221f0d1b112320160401130906180e1c0a0719,\x0060018120804198054002380044000404028004400022001a010880a04020000802014002a0402000,1,\x000000100000000b00000001ffffffff000000000c00000001ffffffff000000000e00000001ffffffff000000000f00000001ffffffff000000001100000001ffffffff000000001200000001ffffffff000000001300000001ffffffff000000001600000001ffffffff000000001a00000001ffffffff000000001b00000001ffffffff000000001c00000001ffffffff000000001d00000001ffffffff000000001e00000001ffffffff000000001f00000001ffffffff000000002100000002000000080100000022000000010000000800,916765670,0,5000000,0,458382806,86445993,t,2026-09-16 13:38:59.254446+00,50
c6f6a384-980b-4ac8-896e-32cc07775967,639e5dee-1281-4608-89ac-34bd9cd13cdf,5100000,2,2,100000,36,36,9,\x04011316081a10221f0d03111b0906180e001220231507191c0a14020517211e0c0f1d0b,\x0020100880a240280210800892c0000a040280401010100004a8020180204812800002084002080002,0,\x0000000c0000000f00000001ffffffff000000001100000001ffffffff000000001300000001ffffffff000000001400000001ffffffff000000001600000001ffffffff000000001800000001ffffffff000000001900000001ffffffff000000001d00000001ffffffff000000001f00000001ffffffff000000002000000001ffffffff000000002100000001ffffffff000000002200000001ffffffff00,935080955,0,5100000,0,467540448,88201132,t,2026-09-16 13:39:06.972796+00,51
a6ef28c9-0be6-4eaf-8d4f-45622eaf9fd5,639e5dee-1281-4608-89ac-34bd9cd13cdf,5200000,2,2,100000,36,36,9,\x04010f0517211e0c02140a07191c0e201200031123150b1d1a0816130906181b0d1f2210,\x002018504400010420800c88a24020008816a18004104000042202108008800008028100200a040002,1,\x0000000d0000000c00000001ffffffff000000000d00000001ffffffff000000001100000001ffffffff000000001400000001ffffffff000000001700000001ffffffff000000001900000001ffffffff000000001a00000001ffffffff000000001b00000001ffffffff000000001d00000001ffffffff000000001e00000001ffffffff000000001f00000001ffffffff000000002100000002000000080100000022000000010000000800,950409829,0,5200000,0,475204885,89602219,t,2026-09-16 13:39:16.845508+00,52
f2c3440d-01d3-4a8a-911a-2a75d6b367f7,639e5dee-1281-4608-89ac-34bd9cd13cdf,5300000,2,2,100000,36,36,9,\x0416081220231103000e181b0d1f22100214060917050f0113211e0c1a1d0b15070a1c19,\x0028e068202000101c100428080082400020281a800820000802100404400022200010042002108000,1,\x0000000e0000000800000001ffffffff000000001200000001ffffffff000000001500000001ffffffff000000001700000001ffffffff000000001800000001ffffffff000000001900000001ffffffff000000001a00000001ffffffff000000001b00000001ffffffff000000001c00000001ffffffff000000001d00000001ffffffff000000001e00000001ffffffff000000001f00000001ffffffff000000002100000002000000020100000022000000010000000800,969499803,0,5300000,0,484749872,91415629,t,2026-09-16 13:39:30.868449+00,53
72a158ca-57e4-4e2e-b2e0-9052cb1e9f0d,639e5dee-1281-4608-89ac-34bd9cd13cdf,5400000,2,2,100000,36,36,9,\x0a1c1907150b1d1a1022141e0c020517210f01040e2023110300120816130906181b0d1f,\x000840002240110108e008c040000450000208808008c0a04500202020100024000220080402802000,1,\x0000000e0000000300000001ffffffff000000000a00000001ffffffff010000000d0000000100000008000000001100000001000000080000000016000000010000000800000000190000000100000008000000001a0000000100000008000000001b0000000100000008000000001c0000000100000008000000001d0000000100000008000000001f000000010000000800000000200000000100000008000000002100000001000000080000000022000000010000000800,983644498,0,5400000,0,491822219,92694625,t,2026-09-16 13:39:36.851475+00,54
d1fd5d3b-bd99-40d8-b86e-9a5d6b29f010,639e5dee-1281-4608-89ac-34bd9cd13cdf,5500000,2,2,100000,36,36,9,\x0a07191c0e1806091705021422101a1d0b08120003111b0d1f15232016040113210f0c1e,\x0028100800020190000680402020000a820040202800124000021004000980000808040202a0402000,1,\x0000000c0000000300000001ffffffff000000001300000001ffffffff000000001600000001ffffffff000000001700000001ffffffff000000001800000001ffffffff000000001900000001ffffffff000000001a00000001ffffffff000000001b00000001ffffffff000000001d00000001ffffffff000000001f00000001ffffffff000000002100000002000000080100000022000000010000000800,996650480,0,5500000,0,498325210,93847527,t,2026-09-16 13:39:43.624172+00,55
0c36c082-dafa-4343-be28-5d804953cd2c,639e5dee-1281-4608-89ac-34bd9cd13cdf,5600000,2,2,100000,36,36,9,\x0a07191c0e111b180614221f0d101a1d0f211e0c0205170913010416202315030012080b,\x002810080022150308400608800024008a006068410002280001100880042080200008201008000a00,1,\x0000000f0000000300000001ffffffff000000000700000001ffffffff000000001200000001ffffffff000000001300000001ffffffff000000001400000001ffffffff000000001500000001ffffffff000000001600000001ffffffff000000001700000001ffffffff000000001900000001ffffffff000000001a00000001ffffffff000000001d00000001ffffffff000000001f000000020000000701000000200000000100000008000000002100000001000000080000000022000000010000000800,1005131792,0,5600000,0,502565866,94562344,t,2026-09-16 13:39:47.487931+00,56
4f50166e-e0e7-4b06-8147-2bd5891f2155,639e5dee-1281-4608-89ac-34bd9cd13cdf,5700000,2,2,100000,36,36,9,\x0a140210221f0d1b180609131604010f0517211e0c1a1d0b1507191c0e00031123201208,\x0038ac1940000210011080045010040804018008208000444000201840100800a24400010420800004,1,\x000000120000000400000001ffffffff000000000900000001ffffffff000000000e00000001ffffffff000000001000000001ffffffff000000001100000001ffffffff000000001200000001ffffffff000000001300000001ffffffff000000001400000001ffffffff000000001600000001ffffffff000000001800000001ffffffff01000000190000000100000008000000001a0000000100000008000000001b0000000100000008000000001e0000000100000008000000001f000000010000000800000000200000000100000008000000002100000001000000080000000022000000010000000800,1021558064,0,5700000,0,510779002,96022542,t,2026-09-16 13:39:59.266592+00,57
de4923b7-e2e7-4b97-9a92-0c770e34d270,639e5dee-1281-4608-89ac-34bd9cd13cdf,5800000,2,2,100000,36,36,9,\x101a1d0b0812000e20160401130906181b112315030d1f2214020c1e2117050f191c0a07,\x0018040002410190010602018140401004020140110001040181002092242010001010040802008100,1,\x0000000d0000000a00000001ffffffff000000000f00000001ffffffff000000001200000001ffffffff000000001400000001ffffffff000000001500000001ffffffff000000001600000001ffffffff000000001700000001ffffffff000000001b00000001ffffffff000000001d00000001ffffffff000000001e00000001ffffffff000000001f00000001ffffffff000000002100000002000000060100000022000000010000000800,1036986471,0,5800000,0,518493205,97494011,t,2026-09-16 13:40:10.389102+00,58
614f75b5-433b-4b8f-b97c-e511d4435b86,639e5dee-1281-4608-89ac-34bd9cd13cdf,5900000,2,2,100000,36,36,9,\x16040113211e14221f150b1d0f19070a1c0e000311232012081a100d1b1806091705020c,\x00804020200002b0011080892200030190000440b00820800004108008808220000290000280404000,1,\x0000000f0000000e00000001ffffffff000000000f00000001ffffffff000000001000000001ffffffff000000001500000001ffffffff000000001600000001ffffffff000000001700000001ffffffff000000001800000001ffffffff000000001a00000001ffffffff010000001b0000000100000008000000001d0000000100000008000000001e0000000100000008000000001f000000010000000800000000200000000100000008000000002100000001000000080000000022000000010000000800,1059643880,0,5900000,0,529821909,99650703,t,2026-09-16 13:40:26.828726+00,59
9f22ef10-6297-41a6-b6da-b19dbe887035,639e5dee-1281-4608-89ac-34bd9cd13cdf,6000000,2,2,100000,36,36,9,\x16201200030d1f22101a080b1d0f0c1e21170502140a1c19071523111b180e0401130906,\x0090840012400181004010000940000406020140018140001401084004080082000230401008008200,1,\x0000000d0000000a00000001ffffffff000000000c00000001ffffffff000000001200000001ffffffff000000001300000001ffffffff000000001700000001ffffffff000000001800000001ffffffff000000001900000001ffffffff000000001a00000001ffffffff000000001e0000000200000008010000001f000000010000000800000000200000000100000008000000002100000001000000080000000022000000010000000800,1076970356,0,6000000,0,538485147,101298488,t,2026-09-16 13:40:39.256413+00,60
e08bed07-16ce-4a9a-8a85-6ad1af060b8d,639e5dee-1281-4608-89ac-34bd9cd13cdf,6100000,2,2,100000,36,36,9,\x1c19070a141e2113010f05170906181b0d0311232016040e0012080b151f2210020c1a1d,\x002000098040410050400648220002028100200a092000011810042008040ac0004100202010080800,1,\x0000000c0000000300000001ffffffff000000000b00000001ffffffff000000000d00000001ffffffff000000001600000001ffffffff000000001700000001ffffffff000000001800000001ffffffff000000001c0000000200000008010000001d0000000100000008000000001e000000010000000800000000200000000100000008000000002100000001000000080000000022000000010000000800,1096381761,0,6100000,0,548190849,103125514,t,2026-09-16 13:40:53.961305+00,61
4b41c9ca-b3de-4156-afcf-09cbddfc556f,639e5dee-1281-4608-89ac-34bd9cd13cdf,6200000,2,2,100000,36,36,9,\x1c190f1d1a0c1e21130104162012080b15070a1417050210221f0d1b0906180e00031123,\x00200013000504810020800420802204a0000844044010000804010420001104040201402002082000,1,\x0000000f0000000900000001ffffffff000000000e00000001ffffffff000000000f00000001ffffffff000000001100000002000000080100000012000000010000000800000000150000000100000008000000001600000001000000080000000018000000010000000800000000190000000100000008000000001c0000000100000008000000001d0000000100000008000000001e000000010000000800000000200000000100000008000000002100000001000000080000000022000000010000000800,1105980121,0,6200000,0,552990029,103945209,t,2026-09-16 13:41:00.329218+00,62
9eb45c98-f7ad-4b27-a2a3-c6d5437c9116,639e5dee-1281-4608-89ac-34bd9cd13cdf,6300000,2,2,100000,36,36,9,\x1c0a07190f0517141e21130104160812000e2023150b1d1a0c0210221f0d03111b180609,\x00a04020004814011c0a0280001280008a064206100800061001082000092000010820010820000900,1,\x0000000e0000000300000001ffffffff000000000900000001ffffffff000000000b00000001ffffffff000000001200000001ffffffff000000001500000001ffffffff000000001600000001ffffffff000000001800000001ffffffff000000001900000001ffffffff000000001b00000001ffffffff000000001c00000001ffffffff000000001e00000001ffffffff000000001f00000001ffffffff000000002100000002000000060100000022000000010000000800,1117873609,0,6300000,0,558936773,104988021,t,2026-09-16 13:41:05.584125+00,63
bed7e7df-12b9-4eb0-a40a-8ab2b41e0094,639e5dee-1281-4608-89ac-34bd9cd13cdf,6400000,2,2,100000,36,36,9,\x1c0a14020517091b0d1f22101a0c1e21130104162012080b1d0f190715231103000e1806,\x00a060581380000a0a300a0400822004810020800420802204a0000440200022400010101004200002,1,\x0000000e0000000700000001ffffffff010000000a0000000100000008000000000b0000000100000008000000000e0000000100000008000000001600000001000000080000000018000000010000000800000000190000000100000008000000001a0000000100000008000000001b0000000100000008000000001d0000000100000008000000001f000000010000000800000000200000000100000008000000002100000001000000080000000022000000010000000800,1129957163,0,6400000,0,564978550,106047358,t,2026-09-16 13:41:11.545585+00,64
f31ef6b2-9783-44a2-8268-d42cb0ffc668,639e5dee-1281-4608-89ac-34bd9cd13cdf,6500000,2,2,100000,36,36,9,\x221f0d1002141e0c1a1d0b1523201208160401130906181b1103000e1c0a07190f211705,\x0020000980a2010220020200c120000208400280402020080281008040401020000804028008000202,1,\x0000000b0000000f00000001ffffffff000000001500000001ffffffff000000001700000001ffffffff000000001900000001ffffffff000000001a00000001ffffffff000000001b00000001ffffffff000000001d00000001ffffffff000000001e00000001ffffffff000000001f00000001ffffffff000000002100000002000000070100000022000000010000000800,1145035048,0,6500000,0,572517492,107425341,t,2026-09-16 13:41:22.270294+00,65
35931045-bd57-4b32-9fd0-232d64657d5d,639e5dee-1281-4608-89ac-34bd9cd13cdf,6600000,2,2,100000,36,36,9,\x221f150b1d1a100d03000e1c19070a14170906181b11232012081604010f05020c1e2113,\x00200013450002300880201818000148000469d0402010001001082000090002c10020080808040001,1,\x000000100000000d00000001ffffffff000000000e00000001ffffffff000000001200000001ffffffff000000001300000001ffffffff000000001400000001ffffffff000000001500000001ffffffff000000001600000001ffffffff000000001800000001ffffffff000000001900000001ffffffff000000001b00000001ffffffff000000001d00000001ffffffff010000001e0000000100000008000000001f000000010000000800000000200000000100000008000000002100000001000000080000000022000000010000000800,1160978578,0,6600000,0,580489257,108897412,t,2026-09-16 13:41:32.152673+00,66
faa1289a-788b-4629-b747-bd60b52a6d1b,639e5dee-1281-4608-89ac-34bd9cd13cdf,6700000,2,2,100000,36,36,9,\x221002140a07191c0e04011316080b1d1a0c1e210f05170906181b0d1f15031123201200,\x00a0e068808a0281002050412010004500021040100800041001101008040041009014010420800002,1,\x0000000d0000000700000001ffffffff000000001000000001ffffffff000000001200000001ffffffff000000001400000001ffffffff000000001500000001ffffffff000000001600000001ffffffff000000001800000001ffffffff000000001900000001ffffffff000000001c00000001ffffffff000000001f000000020000000401000000200000000100000008000000002100000001000000080000000022000000010000000800,1180054794,0,6700000,0,590027365,110696018,t,2026-09-16 13:41:40.155377+00,67
eaf706cc-d69a-4645-abc8-2439380b8f7a,639e5dee-1281-4608-89ac-34bd9cd13cdf,6800000,2,2,100000,36,36,9,\x05170906181b1123150b1d1a08122016040113210f19070a141e0c0210221f0d03000e1c,\x0008a080402000280230d0118000048100405030101000050190000c10000124800004208020081000,0,\x0000000c0000001200000001ffffffff000000001600000001ffffffff000000001800000001ffffffff000000001900000001ffffffff000000001a00000001ffffffff000000001b00000001ffffffff000000001d00000001ffffffff000000001e00000001ffffffff000000001f00000001ffffffff000000002000000001ffffffff000000002100000001ffffffff000000002200000001ffffffff00,1198336897,0,6800000,0,599168416,112440062,t,2026-09-16 13:41:47.789888+00,68
d886e584-e891-4b0b-99a9-d6670aa8a50f,639e5dee-1281-4608-89ac-34bd9cd13cdf,6900000,2,2,100000,36,36,9,\x0502101a1d0b081220231507191c0a14221f0d03000e111b180609131604010f0c1e2117,\x0028086010000804054202804051200010040220000104414000041080045010000804011008040004,1,\x0000000e0000000e00000001ffffffff000000001000000001ffffffff000000001100000001ffffffff000000001400000001ffffffff000000001600000001ffffffff000000001800000001ffffffff000000001900000001ffffffff000000001b00000001ffffffff010000001c0000000100000008000000001d0000000100000008000000001e000000010000000800000000200000000100000008000000002100000001000000080000000022000000010000000800,1215235347,0,6900000,0,607617641,114038512,t,2026-09-16 13:41:54.836496+00,69
ae5abf9d-69f5-44ef-813a-8338dff93587,639e5dee-1281-4608-89ac-34bd9cd13cdf,7000000,2,2,100000,36,36,9,\x050f191c0a07150b1d1a0c0210221f0d03000e111b18060917141e211301041608122023,\x00382808000482004504208020248000042080201808c0000290000220200800024800022010080800,1,\x0000000d0000000500000001ffffffff000000000800000001ffffffff000000000e00000001ffffffff000000001400000001ffffffff0100000015000000010000000800000000190000000100000008000000001a0000000100000008000000001b0000000100000008000000001d0000000100000008000000001e000000010000000800000000200000000100000008000000002100000001000000080000000022000000010000000800,1235651751,0,7000000,0,617825843,116013587,t,2026-09-16 13:42:03.283535+00,70
1a6a29a8-a71b-4a86-a420-9b8713912cee,639e5dee-1281-4608-89ac-34bd9cd13cdf,7100000,2,2,100000,36,36,9,\x0b1d1a0c1e211709130104162023110e1c0a1406181b0d1f221002050f19071503001208,\x00084000432000383008800420802200100c02a0600041200088020180800880000110014020100004,1,\x0000000e0000000c00000001ffffffff0100000013000000010000000800000000140000000100000008000000001500000001000000080000000018000000010000000800000000190000000100000008000000001a0000000100000008000000001b0000000100000008000000001c0000000100000008000000001d0000000100000008000000001e000000010000000800000000200000000100000008000000002100000001000000080000000022000000010000000800,1251769524,0,7100000,0,625884729,117562342,t,2026-09-16 13:42:10.045219+00,71
57f8dd08-5c50-4eee-87c3-2b30ab6eb7af,639e5dee-1281-4608-89ac-34bd9cd13cdf,7200000,2,2,100000,36,36,9,\x0b1d0f211e0c1a0812000e1806140a1c19071503112320160401130917050210221f0d1b,\x0008c06005018800200a800c700064c030021080085022800004404020100024000804010420001100,1,\x0000000e0000000f00000001ffffffff000000001000000001ffffffff000000001100000001ffffffff000000001500000001ffffffff000000001600000001ffffffff000000001800000001ffffffff000000001900000001ffffffff000000001a00000001ffffffff000000001c0000000200000002010000001d0000000100000008000000001e000000010000000800000000200000000100000008000000002100000001000000080000000022000000010000000800,1268052764,0,7200000,0,634026349,119068502,t,2026-09-16 13:42:16.741797+00,72
77a33377-b782-4153-9aec-14a0c5493157,639e5dee-1281-4608-89ac-34bd9cd13cdf,7300000,2,2,100000,36,36,9,\x0b15070a1417050210221f0d0300122023111b0906180e1c190f1d1a0c1e211301041608,\x0038a808c0600510080208400002080201410180208002810020011000098000824000104002100001,1,\x0000000e0000000900000001ffffffff000000000a00000001ffffffff000000001000000001ffffffff000000001400000001ffffffff000000001500000001ffffffff000000001700000001ffffffff000000001800000001ffffffff000000001a00000001ffffffff000000001c0000000200000006010000001d0000000100000008000000001e000000010000000800000000200000000100000008000000002100000001000000080000000022000000010000000800,1289112528,0,7300000,0,644556231,121065967,t,2026-09-16 13:42:25.504463+00,73
50b6e249-b36b-4c47-baac-faf904ccdf12,639e5dee-1281-4608-89ac-34bd9cd13cdf,7400000,2,2,100000,36,36,9,\x111b180609170502141e0c1a10221f0d03001215232016080b1d0f19070a1c0e04011321,\x0018400012400010080614041110880004208020180824000230100108806000240001108020101000,0,\x0000000e0000000d00000001ffffffff000000000f00000001ffffffff000000001400000001ffffffff000000001700000001ffffffff000000001800000001ffffffff000000001900000001ffffffff000000001b00000001ffffffff000000001c00000001ffffffff000000001d00000001ffffffff000000001e00000001ffffffff000000001f00000001ffffffff000000002000000001ffffffff000000002100000001ffffffff000000002200000001ffffffff00,1309296943,0,7400000,0,654648438,123005829,t,2026-09-16 13:42:37.957785+00,74
fed43f64-8374-4ab8-aa05-667c3e100e99,639e5dee-1281-4608-89ac-34bd9cd13cdf,7500000,2,2,100000,36,36,9,\x1705021022140a07191c0e202311030012151f0d1b18060913010416081a0c1e210f1d0b,\x008040104000062a0a040280681500080a080402200022000290000886042000a24008020180080002,1,\x0000000e0000000900000001ffffffff000000000f00000001ffffffff000000001200000001ffffffff000000001300000001ffffffff000000001500000001ffffffff000000001600000001ffffffff000000001700000001ffffffff000000001a00000001ffffffff000000001b00000001ffffffff000000001d00000001ffffffff010000001f000000010000000800000000200000000100000008000000002100000001000000080000000022000000010000000800,1331007952,0,7500000,0,665503942,125046902,t,2026-09-16 13:42:54.315552+00,75
2ce867e8-e0dd-45d5-8f90-1f1048c4a85c,639e5dee-1281-4608-89ac-34bd9cd13cdf,7600000,2,2,100000,36,36,9,\x17211e142210020c1a1d0b08120003112320161301040e1806091b0d1f15070a1c190f05,\x0090400026000a880402020081a0004800050420008200240002054002100041001088000420000204,1,\x0000000c0000000700000001ffffffff010000001500000001000000080000000018000000010000000800000000190000000100000008000000001a0000000100000008000000001b0000000100000008000000001c0000000100000008000000001d0000000100000008000000001f000000010000000800000000200000000100000008000000002100000001000000080000000022000000010000000800,1350293248,0,7600000,0,675146590,126898222,t,2026-09-16 13:43:08.54835+00,76
0ccebf42-86fa-4afc-8f73-7e3233827375,639e5dee-1281-4608-89ac-34bd9cd13cdf,7700000,2,2,100000,36,36,9,\x1d0b081a10221f0d1b180e11030012202315070a1c190f0c0205170906141e2113160401,\x00804020008a0004200220000b4002028101014080084000022008840210c001410082002002008100,1,\x0000000c0000000d00000001ffffffff000000001000000001ffffffff000000001100000001ffffffff000000001400000001ffffffff000000001500000001ffffffff000000001900000001ffffffff000000001c00000001ffffffff000000001d00000001ffffffff000000001e00000001ffffffff000000001f00000001ffffffff000000002100000002000000060100000022000000010000000800,1370884357,0,7700000,0,685442144,128847540,t,2026-09-16 13:43:23.562362+00,77
6bf9251c-cc0f-4d2a-9803-57c05ac2d449,639e5dee-1281-4608-89ac-34bd9cd13cdf,7800000,2,2,100000,36,36,9,\x1d0b1523111b18060913010416200e1c0a07190f0c1a081200030d1f22141e2117050210,\x0080601000050504200114000940000118015020100044490010044002202010000c82008080401000,1,\x0000000d0000001100000001ffffffff000000001200000001ffffffff000000001600000001ffffffff000000001700000001ffffffff000000001800000001ffffffff000000001900000001ffffffff000000001b00000001ffffffff000000001d00000001ffffffff010000001e0000000100000008000000001f000000010000000800000000200000000100000008000000002100000001000000080000000022000000010000000800,1386106459,0,7800000,0,693053195,130274319,t,2026-09-16 13:43:35.54168+00,78
fc7a48a8-b302-411c-82fc-fd2c8888ed3f,639e5dee-1281-4608-89ac-34bd9cd13cdf,7900000,2,2,100000,36,36,9,\x1d1a10221f0d1b112320120003150b0816130906180e04010f0c020517211e140a07191c,\x00a08023000188006804208000128000200802a0008340001020080238100a40000104408028100800,1,\x0000000c0000000c00000001ffffffff000000000e00000001ffffffff000000000f00000001ffffffff000000001400000001ffffffff000000001600000001ffffffff000000001700000001ffffffff000000001b00000001ffffffff000000001d00000001ffffffff000000001e00000001ffffffff000000001f00000001ffffffff000000002100000002000000080100000022000000010000000800,1404350973,0,7900000,0,702175452,131979321,t,2026-09-16 13:43:49.614953+00,79
fd3021e6-3762-44de-85f6-2cdc7d8d5a9d,639e5dee-1281-4608-89ac-34bd9cd13cdf,8000000,2,2,100000,36,36,9,\x232012150b1d1a081604010f051721130906181b1103000e1c19070a14221f0d10020c1e,\x00208008868a0004200280403080890002108020100800080604010220000980400104200140202000,0,\x0000000d0000000700000001ffffffff000000000f00000001ffffffff000000001600000001ffffffff000000001700000001ffffffff000000001900000001ffffffff000000001a00000001ffffffff000000001b00000001ffffffff000000001d00000001ffffffff000000001e00000001ffffffff000000001f00000001ffffffff000000002000000001ffffffff000000002100000001ffffffff000000002200000001ffffffff00,1424559466,0,8000000,0,712279698,133906900,t,2026-09-16 13:44:05.032226+00,80
2aeed74f-6bdd-4f87-ab3a-9991aeda066c,639e5dee-1281-4608-89ac-34bd9cd13cdf,8100000,2,2,100000,36,36,9,\x23111b180609130104162012081a1d0b1503000e1c0a07190f05020c1e211714221f0d10,\x00a0208000248002200108200003ac40002008d0401020000a04028028514040200020080220000900,1,\x0000000b0000000f00000001ffffffff000000001200000001ffffffff000000001300000001ffffffff000000001600000001ffffffff000000001700000001ffffffff000000001b00000001ffffffff000000001d00000001ffffffff000000001e00000001ffffffff000000001f00000001ffffffff000000002100000002000000060100000022000000010000000800,1440460934,0,8100000,0,720230432,135405574,t,2026-09-16 13:44:16.882272+00,81
45ade48c-b265-4d70-ae7e-1636eeff278d,639e5dee-1281-4608-89ac-34bd9cd13cdf,8200000,2,2,100000,36,36,9,\x23110e2012000315070a1c190f21170502100d1b18060913010416080b1d1a0c1e14221f,\x00a0e03000024800022802108000c8142c201014503000014800044002100011800004100400098000,0,\x000000110000000500000001ffffffff000000000a00000001ffffffff000000000b00000001ffffffff000000000f00000001ffffffff000000001300000001ffffffff000000001400000001ffffffff000000001600000001ffffffff000000001800000001ffffffff000000001900000001ffffffff000000001a00000001ffffffff000000001c00000001ffffffff000000001d00000001ffffffff000000001e00000001ffffffff000000001f00000001ffffffff000000002000000001ffffffff000000002100000001ffffffff000000002200000001ffffffff00,1458034064,0,8200000,0,729016997,137080455,t,2026-09-16 13:44:29.682894+00,82
55d318b4-7c03-431b-b74e-3d9386e550ae,639e5dee-1281-4608-89ac-34bd9cd13cdf,8250272,2,2,100000,36,36,9,\x2315030d1f22140a07191c0e00122016040113211e0c02101a080b1d0f05170906181b11,\x00e0e0d340200018541008040011828000404020101000014820010880042000021001101008040004,1,\x000000110000000400000001ffffffff000000000800000001ffffffff000000000a00000001ffffffff000000000c0000000200000008010000000e000000010000000800000000100000000100000008000000001400000001000000080000000017000000010000000800000000190000000100000008000000001a0000000100000008000000001b0000000100000008000000001c0000000100000008000000001d0000000100000008000000001e000000010000000800000000200000000100000008000000002100000001000000080000000022000000010000000800,1470780072,0,8250272,0,735390001,138332916,t,2026-09-16 13:44:38.837808+00,82
7ae3ebd0-4d1c-4354-b249-0997002e25c0,bbfef8be-66d0-4287-a9ef-8c749e98b84e,600000,2,2,100000,36,36,9,\x0c1e2113010f05170906181b0d1f22140a1c1907152311030012200e0416080b1d1a1002,\x000804000164802202202010080082400010c00840002240001010100c080002880088000420000201,0,\x0000000b0000001000000001ffffffff000000001200000001ffffffff000000001300000001ffffffff000000001700000001ffffffff000000001b00000001ffffffff000000001c00000001ffffffff000000001d00000001ffffffff000000001f00000001ffffffff000000002000000001ffffffff000000002100000001ffffffff000000002200000001ffffffff00,106260513,0,600000,0,53130238,10088219,t,2026-09-18 14:49:13.799873+00,6
